{"ret": 3.754421334114108, "mtx": [[5511.790819180089, 0.0, 1984.2072087227325], [0.0, 5487.928036012068, 941.7485067095731], [0.0, 0.0, 1.0]], "new_mtx": [[5217.362512203969, 0.0, 1976.5993212723806], [0.0, 5186.782169136085, 946.1192363035965], [0.0, 0.0, 1.0]], "dist": [[-0.30130136013685416, -0.8023178443475314, 0.004650155258032885, -0.0043026625987768715, 4.517655505472273]]}