{"ret": 3.754419848187788, "mtx": [[5510.723845558287, 0.0, 1986.257587923044], [0.0, 5486.699822105137, 941.6945346833138], [0.0, 0.0, 1.0]], "new_mtx": [[5217.057072701702, 0.0, 1978.6545137914457], [0.0, 5186.289689314077, 946.1096602622504], [0.0, 0.0, 1.0]], "dist": [[-0.29998545236012364, -0.8246388022852881, 0.0046672996089795705, -0.0043501322418679185, 4.6229736053991255]]}