{
  "ret": 3.3110968736100195,
  "mtx": [[5535.9960218942015, 0.0, 1781.796838630416], [0.0, 5538.918545415721, 844.7959552658973], [0.0, 0.0, 1.0]],
  "new_mtx": [
    [5365.983809131033, 0.0, 1781.5705720699436], [0.0, 5356.33640182704, 842.3858192222455], [0.0, 0.0, 1.0]
  ],
  "dist": [[-0.1774258356575392, -3.7737509414198698, -0.003145281327698493, -0.002352635897250873, 25.01599824818935]],
  "roi": [23, 22, 3749, 2091],
  "error": 0.4395439035630827,
  "new_error": 3.717449343876438
}