{"1": [[-3.8517373263191543, 22.979951780969582, 11596.98666852676], [-0.972355299073127, 5.079337043602497, 5575.219907570111], [-9.517756820889786e-05, 0.005429977900805648, 1.0]], "2": [[-0.2721177833208682, -6.674675098730907, 873.7553135251756], [-0.17999679235378555, -2.3547335479967666, -76.59284048747777], [-0.0005943234885665808, -0.005300839852502985, 0.9999999999999999]], "4": [[0.5191306801753145, -37.672729744345865, 17863.415827025732], [-0.03132626836118972, -7.286628508109948, -8043.1600449164225], [-0.0017207188687189835, -0.00874962366633137, 0.9999999999999999]], "5": [[-0.3055155446773674, -2.462592530859376, 2725.463969638015], [0.032990729419607956, -0.11583118796417526, 394.64483682351397], [-0.00020143301449237181, 0.0005787629679235413, 1.0]], "6": [[-0.09053133644164842, -0.5076779319080315, 1579.5166852297164], [-0.11387439053182888, 0.3031479617812601, 929.9714349205819], [-0.00014391298306364977, 0.00010089783427453202, 1.0]], "7": [[1.0109322295520125, 1.801485996443158, -1424.3972831584992], [0.12478208336159231, 1.0899818707541067, 1546.4222625353536], [0.00020325151479743173, 0.00014749423051457612, 1.0]], "8": [[0.9999999999999919, -4.510891670043437e-15, 1.0785547025817424e-11], [-1.945823998686426e-15, 0.999999999999992, 7.381461404716804e-12], [-1.3533797891617633e-18, -1.7770492183806157e-18, 1.0]], "12": [[2.029270432243709, 8.033563231620851, -2630.831515255183], [0.7171350550814478, 4.2228123595557685, 1014.2768395527676], [0.0010948488911337116, 0.0029909812924421375, 1.0]], "13": [[-1.0300842255744462, 1.4065846823882535, 4990.25720658098], [0.004331812547070581, 0.4070355130714008, 773.2570050292366], [-0.00024109717753375512, 0.0017618267432774372, 1.0]]}