{"ext_mtx": [[0.6961265297835739, -0.2055533941399692, 0.6878631089751925, -22.115106048804385], [-0.7178176091117715, -0.21539696082943882, 0.6620740361277593, -10.077201262767925], [0.012072057841936058, -0.9546475535101839, -0.29749338479448806, 6.378229999832661], [0.0, 0.0, 0.0, 1.0]], "rvec": [[1.7635980234068553], [-0.7371855300587377], [0.5588025562203651]], "tvec": [[8.084321151084575], [-0.6274719706983883], [23.78150014660714]]}