{"ext_mtx": [[0.6961265297835737, -0.20555339413996943, 0.6878631089751926, -22.115106048804392], [-0.7178176091117716, -0.21539696082943907, 0.6620740361277587, -10.077201262767915], [0.012072057841936218, -0.9546475535101839, -0.29749338479448834, 6.378229999832669], [0.0, 0.0, 0.0, 1.0]], "rvec": [[1.7635980234068556], [-0.737185530058738], [0.5588025562203655]], "tvec": [[8.084321151084575], [-0.627471970698388], [23.781500146607147]]}