{
    "ret": 3.365475252881468,
    "mtx": [
        [
            5499.617461725083,
            0.0,
            1965.3152489129968
        ],
        [
            0.0,
            5474.559066904297,
            1099.0627242543799
        ],
        [
            0.0,
            0.0,
            1.0
        ]
    ],
    "dist": [
        [
            -0.4339052017929648
        ],
        [
            0.8624094961667889
        ],
        [
            -0.0018683205910144845
        ],
        [
            0.00308187655229011
        ],
        [
            -2.1437910465982997
        ]
    ],
    "rvecs": [
        [
            [
                0.8392587921758293
            ],
            [
                0.09871046463064856
            ],
            [
                -3.0204425389510257
            ]
        ],
        [
            [
                0.9370341725596428
            ],
            [
                0.06291029388172592
            ],
            [
                -2.9732867458577155
            ]
        ]
    ],
    "tvecs": [
        [
            [
                -5.813687353750144
            ],
            [
                5.024949935930347
            ],
            [
                39.82750601776831
            ]
        ],
        [
            [
                -5.482227126501319
            ],
            [
                5.411549815800427
            ],
            [
                41.900395483367625
            ]
        ]
    ]
}