{
  "ret": 2.5516617949447298,
  "mtx": [[4358.039679068151, 0.0, 1806.885191801174], [0.0, 4383.724566169231, 1392.8882596495644], [0.0, 0.0, 1.0]],
  "new_mtx": [
    [3960.563756445143, 0.0, 1806.9854368199344], [0.0, 3988.9494309804145, 1391.019457590077], [0.0, 0.0, 1.0]
  ],
  "dist": [
    [-0.27259649639599737, -0.591728506718784, -0.002467150356424742, 0.0005260145204491367, 1.7321867335889605]
  ],
  "roi": [53, 82, 3759, 2014],
  "error": 0.39527100072062454,
  "new_error": 15.056233137889269
}