{
    "ret": 2.4959557652076225,
    "mtx": [
        [
            4175.736711700229,
            0.0,
            1941.0047916965873
        ],
        [
            0.0,
            4198.599789643839,
            1321.9185777995096
        ],
        [
            0.0,
            0.0,
            1.0
        ]
    ],
    "new_mtx": [
        [
            3719.887818820468,
            0.0,
            1919.5905792498424
        ],
        [
            0.0,
            3749.17052268959,
            1335.4057055641733
        ],
        [
            0.0,
            0.0,
            1.0
        ]
    ],
    "dist": [
        [
            -0.3128053977730923,
            -0.03801042019580049,
            0.0009544778675736112,
            -0.0053787360530496,
            0.329927258488378
        ]
    ]
}