{
    "ret": 2.495956134095043,
    "mtx": [
        [
            4175.477906004509,
            0.0,
            1941.2090954072667
        ],
        [
            0.0,
            4198.413137922436,
            1320.9448465711878
        ],
        [
            0.0,
            0.0,
            1.0
        ]
    ],
    "new_mtx": [
        [
            3719.5844982991052,
            0.0,
            1919.8469982870743
        ],
        [
            0.0,
            3748.986698837487,
            1334.4410693191758
        ],
        [
            0.0,
            0.0,
            1.0
        ]
    ],
    "dist": [
        [
            -0.31309506561207057,
            -0.036344925608508494,
            0.0009694014451193555,
            -0.005373781018011839,
            0.32701947566408174
        ]
    ]
}