{"2": [[0.04200620481759158, -0.2067801724498956, 889.4444428748768], [-0.0343836836978558, 0.08882229835810505, 370.53904125600843], [-6.945633073077777e-05, -1.1670701695907673e-05, 1.0]], "3": [[1.3707511218216704, 2.4307381832714805, -2046.250773257327], [-0.10935995883686664, 1.931821229784595, -541.4901657839177], [0.0001249538477253801, -1.0496888059605351e-05, 1.0]], "4": [[0.643619665205868, -2.526303399813146, 1603.7459717487984], [-0.15341618639274524, 0.760235298348635, 343.7489182744688], [-0.00016434881829364596, 0.00017557267246296956, 1.0]], "5": [[1.364209622484715, -8.485792742958434, 6579.5140744019645], [0.5278237703614814, -1.7476716973815833, -473.2037254065678], [-0.00013309139384722084, -0.0017575382763433884, 1.0]], "6": [[0.6628258467013384, -3.6374548307196055, 1225.866315255328], [0.15990072057492552, -1.6832818141749206, 581.039119407442], [0.00012312583927050322, -0.001723626865088173, 1.0]], "7": [[-1.334705515205106, 1.0614851363361992, 6170.220229272406], [-0.6998035026109055, 2.904000924920673, 1175.4319690897669], [-0.000729546082376653, 0.002405752210990362, 1.0]], "8": [[25.03256917700342, -48.6707898868728, -60446.53186224994], [-0.9181583483291462, 1.2470267934291834, -7245.894970364274], [0.004556333925417234, -0.02174524718235176, 1.0]], "12": [[-0.34653592223906143, 0.3022436693377369, 2142.000688141619], [-0.205007013978072, 0.5556381574388451, 855.4623419019591], [-0.0003220739890864121, 0.0007817836587947767, 1.0]], "13": [[-2.836758525902431, -36.50214211479743, 36787.351120353436], [2.081232993501818, -10.590291736341502, -1649.3029717132126], [-0.0019443593312031477, -0.00465609307868272, 1.0]]}