{"ext_mtx": [[-0.969983777442566, -0.01707136809254052, -0.2425696598705188, 13.491648746960472], [0.21652902139537572, 0.393333385687227, -0.893534571573694, 19.801938557860332], [0.11066460315661517, -0.9192374100825492, -0.3778305566162116, 7.941775325984571], [0.0, 0.0, 0.0, 1.0]], "rot_vct": [[0.17737245917062605], [2.4376307649779805], [-1.6120505730296106]], "trans_vct": [[7.92011262303105], [-0.25806565208346083], [23.967026725206697]]}