{"ext_mtx": [[-0.9470848518033791, -0.004656030102889274, -0.320949536326589, 15.16916753743606], [0.2954253511928106, 0.37834918106517273, -0.8772546717230513, 19.036965513852618], [0.1255155183918545, -0.9256512402471002, -0.3569532687507282, 6.910720556089428], [0.0, 0.0, 0.0, 1.0]], "rvec": [[0.2569983783759657], [2.3708456728117056], [-1.593510257560769]], "tvec": [[7.8750838935391165], [-0.735075157696681], [24.035608511977234]]}