{"ext_mtx": [[-0.9368285164484584, -0.009319834457545624, -0.34966479870679623, 14.88949460166368], [0.3228803464176142, 0.3614503053200417, -0.8747010681834625, 18.233153918595104], [0.1345385174075506, -0.9323447953786907, -0.3356077619246098, 6.524069753169036], [0.0, 0.0, 0.0, 1.0]], "rvec": [[0.27766588233618544], [2.3323741808653624], [-1.600185498459185]], "tvec": [[7.184037412767442], [-0.36892894692479644], [23.34441979018638]]}