{"ext_mtx": [[-0.9470848518033789, -0.00465603010288945, -0.3209495363265893, 15.169167537436063], [0.2954253511928108, 0.37834918106517307, -0.8772546717230507, 19.0369655138526], [0.125515518391855, -0.9256512402470998, -0.35695326875072875, 6.910720556089438], [0.0, 0.0, 0.0, 1.0]], "rvec": [[0.2569983783759656], [2.370845672811706], [-1.593510257560768]], "tvec": [[7.8750838935391165], [-0.7350751576966809], [24.035608511977234]]}