{
  "1": [
    [1.364209622484715, -8.485792742958434, 6579.5140744019645],
    [0.5278237703614814, -1.7476716973815833, -473.2037254065678],
    [-0.00013309139384722084, -0.0017575382763433884, 1.0]
  ],
  "2": [
    [0.9282683387211524, -5.132302607268619, 1594.4151210685407],
    [0.296304647682762, -0.850533865522654, 13.658270469617413],
    [-0.00022625679985891823, -0.001942680841782798, 0.9999999999999999]
  ],
  "3": [
    [0.9103236831509123, -18.528020408351257, 17855.13879927954],
    [1.3452179152281079, -5.292134400463879, -2150.0887278741484],
    [-0.0006740825524083671, -0.002751212694400703, 0.9999999999999999]
  ],
  "6": [
    [0.5265079721004989, 2.2366355199015184, 568.5885069754638],
    [0.11973646667625035, 0.8705702821387751, 1034.3453489512156], [0.00024904527525919905, 0.00032769838885983606, 1.0]
  ],
  "7": [
    [-5.127323341766562, 34.42803476626905, -3696.7810093965],
    [-1.0684853505942309, 15.607480189991144, 4636.717564420763], [-0.0004371429632194153, 0.013627047705182471, 1.0]
  ],
  "8": [
    [-2.047911575310055, 27.403259176193703, -4345.96211880886],
    [-0.7305626253857742, 1.510424612227674, 1555.5592728251256], [0.00015596878523256664, 0.0041702992248166555, 1.0]
  ],
  "12": [
    [-4.953316344485874, 26.54083723619868, 1230.613677196104],
    [-2.0478981355249717, 13.962902288756492, 2678.1143031449005], [-0.0019613962608113172, 0.017921289332917884, 1.0]
  ],
  "13": [
    [0.40540523690693264, -1.1681901344991867, 2433.5680658279507],
    [-0.02231717607207793, 0.7630288911489782, 303.3936336679295],
    [-0.00012173830017856845, 1.4569417074779048e-05, 1.0]
  ]
}