{
  "1": [
    [25.03256917700342, -48.6707898868728, -60446.53186224994],
    [-0.9181583483291462, 1.2470267934291834, -7245.894970364274], [0.004556333925417234, -0.02174524718235176, 1.0]
  ],
  "2": [
    [5.077797695431713, -3.7960069938308063, -4696.049619970962],
    [-0.4130118645722156, -0.46086636754916743, 332.7523598524525], [0.0008302674122602335, -0.004598104881893089, 1.0]
  ],
  "4": [
    [12.364997788581183, 18.1674123343871, -67812.69680321906],
    [-2.1125327751284, -5.169307010165283, -380.6565576764136], [0.0019444373572757444, -0.01111984749587197, 1.0]
  ],
  "5": [
    [-2.047911575310055, 27.403259176193703, -4345.96211880886],
    [-0.7305626253857742, 1.510424612227674, 1555.5592728251256], [0.00015596878523256664, 0.0041702992248166555, 1.0]
  ],
  "6": [
    [-2.672817038246905, -7.983203494792057, 11522.179868915171],
    [0.2305738230596974, -1.5761809551960644, 1068.105777687879], [-0.0004237690188967978, -0.0009474729564992488, 1.0]
  ],
  "7": [
    [1.000471557230537, -2.3160847268492897, 4920.765855089998],
    [0.2273047782912213, 1.4473115369147567, -1956.4794719492977], [-0.00021515011936287792, 0.0002225647044308989, 1.0]
  ],
  "12": [
    [2.029270432243709, 8.033563231620851, -2630.831515255183],
    [0.7171350550814478, 4.2228123595557685, 1014.2768395527676], [0.0010948488911337116, 0.0029909812924421375, 1.0]
  ],
  "13": [
    [-1.0300842255744462, 1.4065846823882535, 4990.25720658098],
    [0.004331812547070581, 0.4070355130714008, 773.2570050292366], [-0.00024109717753375512, 0.0017618267432774372, 1.0]
  ]
}