{
  "1": [
    [1.3707511218216704, 2.4307381832714805, -2046.250773257327],
    [-0.10935995883686664, 1.931821229784595, -541.4901657839177], [0.0001249538477253801, -1.0496888059605351e-05, 1.0]
  ],
  "2": [
    [-5.805944320181438, -21.10118989907476, 13708.698800001845],
    [-0.17670891977065417, -7.387324589884162, 3094.9225013165333],
    [-0.0007731517648653539, -0.0017133461997269905, 1.0]
  ],
  "5": [
    [0.9103236831509123, -18.528020408351257, 17855.13879927954],
    [1.3452179152281079, -5.292134400463879, -2150.0887278741484],
    [-0.0006740825524083671, -0.002751212694400703, 0.9999999999999999]
  ],
  "6": [
    [0.6986749758164355, -4.982122944629098, 1072.9637208050306],
    [0.14932858568906746, -2.0876644461512632, 253.15814269648126],
    [1.3439329981942613e-05, -0.0019570281181298882, 1.0]
  ],
  "7": [
    [-1.2146709061589305, 2.0965077124226004, 4641.995503425145],
    [-0.4673448161913098, 2.064657789290226, 1313.1907343336807], [-0.0004764228343430556, 0.0018169808057601168, 1.0]
  ],
  "12": [
    [-0.417444577136526, 0.7089842045043926, 1980.9468623941013],
    [-0.20851033812873296, 0.5907605860867758, 879.7141819897519], [-0.00029797935866289, 0.0008344530376288419, 1.0]
  ],
  "13": [
    [2.1875753064567793, 5.785598673387346, -8977.66806576017],
    [-0.5724092763986292, 3.197021264376656, 1425.306061022808], [0.000608359493906858, 0.00028993079428893674, 1.0]
  ]
}