{"ret": 6.364124269277335, "mtx": [[7614.511199068287, 0.0, 1919.6251982668696], [0.0, 7961.407494889641, 1076.1287593175914], [0.0, 0.0, 1.0]], "new_mtx": [[6143.260551835483, 0.0, 1763.2534493833402], [0.0, 6365.650936983939, 1176.0811133252985], [0.0, 0.0, 1.0]], "dist": [[-0.05698965882002318, -4.032554092315549, 0.030626680307154232, -0.018774895966551818, -66.33860778327004]]}