{"ret": 5.127937336386458, "mtx": [[5560.526737487826, 0.0, 1929.0351242474965], [0.0, 5542.712078522456, 1062.8764135850495], [0.0, 0.0, 1.0]], "new_mtx": [[4707.770168151882, 0.0, 1846.5302793428891], [0.0, 4688.8406461879995, 1142.6075151425807], [0.0, 0.0, 1.0]], "dist": [[-0.1802589330732869, -8.304471209442536, 0.048214797187355996, -0.029554312625751193, 29.430362621406484]]}