{
  "ret": 1.1334923166098991,
  "mtx": [
    [2330.3069739294033, 0.0, 1915.2225407409546], [0.0, 2314.2109178206047, 1054.1947369372947], [0.0, 0.0, 1.0]
  ],
  "new_mtx": [
    [1083.6537494963209, 0.0, 1651.74717928097], [0.0, 1073.0206211346222, 1232.168932084989], [0.0, 0.0, 1.0]
  ],
  "dist": [[-0.3814069467878488, 0.1596890548663374, 0.0057385677595594, -0.001922421699659638, -0.03154573159699441]],
  "roi": [393, 692, 2573, 1099],
  "error": 0.14780290740712285,
  "new_error": 83.41206262676351
}