{"1": [[0.6628258467013384, -3.6374548307196055, 1225.866315255328], [0.15990072057492552, -1.6832818141749206, 581.039119407442], [0.00012312583927050322, -0.001723626865088173, 1.0]], "2": [[0.6678597993224553, -3.9978643178878563, 1059.9346628488647], [0.06207647583883657, -2.3835027817708063, 913.3592552193137], [5.201559984445775e-05, -0.0024451836675562994, 1.0]], "3": [[0.6986749758164355, -4.982122944629098, 1072.9637208050306], [0.14932858568906746, -2.0876644461512632, 253.15814269648126], [1.3439329981942613e-05, -0.0019570281181298882, 1.0]], "4": [[0.29403294910625644, -1.574622618428722, 713.5755857686171], [-0.03888027522518248, -1.3160006575976786, 789.2649412933498], [-1.0173853066308757e-05, -0.0013533171452850756, 1.0]], "5": [[0.5265079721004989, 2.2366355199015184, 568.5885069754638], [0.11973646667625035, 0.8705702821387751, 1034.3453489512156], [0.00024904527525919905, 0.00032769838885983606, 1.0]], "7": [[-0.42533780224502216, -2.891445245714447, 3584.322529952538], [-0.15794994905418908, -1.2787955393178378, 1208.9471721750053], [-0.0002308937911594094, -0.0008420833614806486, 0.9999999999999999]], "8": [[-2.672817038246905, -7.983203494792057, 11522.179868915171], [0.2305738230596974, -1.5761809551960644, 1068.105777687879], [-0.0004237690188967978, -0.0009474729564992488, 1.0]], "12": [[-0.12231521847777652, -1.5930844557632666, 1766.7551141744989], [-0.06549561820344274, -0.8114999161053098, 837.1736503128035], [-0.0001366462518161747, -0.0008656884629670674, 1.0]], "13": [[2.877834029792414, 2.3055264561055306, -13112.21797463005], [-0.41969597144428, -4.039170454865597, 3509.044308090517], [0.0017836586654426524, -0.005417859150061463, 1.0]]}