{"1": [[1.3402156014714675, -2.9818619669296202, 97.60581094567414], [0.19073722895329193, -0.9928132912540042, 334.39157037000484], [0.00014920421805795928, -0.0013420990937774234, 1.0]], "2": [[0.11187426503841946, -1.04217198634563, 838.0607653894526], [0.01168396644138646, -0.45479395543062723, 405.537913389862], [2.238645766895446e-05, -0.0010574545363402485, 1.0]], "3": [[2.170508507796967, -3.948115185136875, -1322.9714444173958], [0.19098611773196314, -0.9415135011034234, 45.258881395370494], [0.00035340217466544937, -0.0017842780531470116, 1.0]], "4": [[0.5576225806686196, -1.3723211050557953, 686.8842051408764], [-0.06506081302529731, -0.6735548323797548, 575.4922170559049], [-8.260981173819101e-05, -0.0009291034245511648, 1.0]], "5": [[2.6675717345627112, -10.347169839077075, 9231.546039536195], [0.6541364605641402, 2.047223909757644, -2424.0556140724375], [-0.0009598997017615331, 0.0020402782064185333, 1.0]], "6": [[0.9999999999999998, -6.947366525180451e-16, 1.2707558567491996e-13], [-1.0546396754515767e-16, 0.999999999999999, 5.801987915705432e-13], [-7.657220637324742e-20, -3.33553731943944e-19, 1.0]], "7": [[-0.42533780224502216, -2.891445245714447, 3584.322529952538], [-0.15794994905418908, -1.2787955393178378, 1208.9471721750053], [-0.0002308937911594094, -0.0008420833614806486, 0.9999999999999999]], "8": [[-2.672817038246905, -7.983203494792057, 11522.179868915171], [0.2305738230596974, -1.5761809551960644, 1068.105777687879], [-0.0004237690188967978, -0.0009474729564992488, 1.0]], "12": [[-0.12231521847777652, -1.5930844557632666, 1766.7551141744989], [-0.06549561820344274, -0.8114999161053098, 837.1736503128035], [-0.0001366462518161747, -0.0008656884629670674, 1.0]], "13": [[2.877834029792414, 2.3055264561055306, -13112.21797463005], [-0.41969597144428, -4.039170454865597, 3509.044308090517], [0.0017836586654426524, -0.005417859150061463, 1.0]]}