{"ext_mtx": [[0.999946737536555, 0.01028595403775975, 0.0008492582253297014, 0.082894457868864], [0.00391505506840725, -0.45415921707973067, 0.8909119360999367, -11.996713271569506], [0.009549577677129759, -0.8908611590427878, -0.4541752975175217, 7.466788737774737], [0.0, 0.0, 0.0, 1.0]], "rvec": [[2.042226105560779], [0.009972100016338534], [0.0073021734510250545]], "tvec": [[-0.10722692865784274], [1.202601513731991], [14.079175645288931]]}