{"ext_mtx": [[0.9999467375364359, 0.010285954042737045, 0.0008492583051358683, 0.08289445643903279], [0.003915054997041779, -0.45415921684443705, 0.8909119362201955, -11.99671329583126], [0.00954957771884595, -0.8908611591626827, -0.4541752972814719, 7.466788748565649], [0.0, 0.0, 0.0, 1.0]], "rvec": [[2.0422261052962303], [0.00997209997004485], [0.007302173536597188]], "tvec": [[-0.10722692840377746], [1.2026015160587697], [14.079175671479765]]}