{
  "ret": 3.1615466496110667,
  "mtx": [[4924.150107577159, 0.0, 2163.8020114163683], [0.0, 4919.109191877655, 1122.220730985281], [0.0, 0.0, 1.0]],
  "new_mtx": [[4273.92120009183, 0.0, 2241.78422489405], [0.0, 4160.480868054205, 1146.5762436286134], [0.0, 0.0, 1.0]],
  "dist": [[-0.5033162580809094, 2.050185601998302, 0.0006163274973551084, -0.014253126391820498, -6.465593581070939]],
  "roi": [245, 176, 3545, 1864],
  "error": 0.511824667319487,
  "new_error": 23.354138973957504
}