{
  "ret": 3.4231191532259038,
  "mtx": [[5238.548269400327, 0.0, 2080.350791388164], [0.0, 5200.23585188848, 1236.0131803528698], [0.0, 0.0, 1.0]],
  "new_mtx": [[4775.768480610671, 0.0, 2085.692367799889], [0.0, 4727.410593347101, 1230.49844033666], [0.0, 0.0, 1.0]],
  "dist": [[-0.3303552485183647, 0.5075189709160813, -0.011321443330561263, -0.012516363677171977, -3.697062758860378]]
}