{"1": [[0.6603228825959796, -0.8215163399986403, 902.4259051833478], [0.012571013135216889, 0.5657158120919259, 328.9807482582854], [-8.413781394731638e-05, 0.00011425024687494178, 1.0]], "2": [[-0.0595777114223331, -0.054073182144850664, 917.5134606351378], [-0.059992262209653736, 0.12518264456540676, 397.48478311033017], [-0.0001450940699292174, 0.00016905595787930142, 1.0]], "3": [[0.9999999999999984, -2.488482595488613e-15, 4.179741925816774e-12], [6.048836115807754e-17, 0.9999999999999986, 1.88340221703772e-13], [-1.3666258785657002e-19, -5.6466476432491645e-19, 1.0]], "5": [[0.9103236831509123, -18.528020408351257, 17855.13879927954], [1.3452179152281079, -5.292134400463879, -2150.0887278741484], [-0.0006740825524083671, -0.002751212694400703, 0.9999999999999999]], "6": [[0.6986749758164355, -4.982122944629098, 1072.9637208050306], [0.14932858568906746, -2.0876644461512632, 253.15814269648126], [1.3439329981942613e-05, -0.0019570281181298882, 1.0]], "7": [[-1.2146709061589305, 2.0965077124226004, 4641.995503425145], [-0.4673448161913098, 2.064657789290226, 1313.1907343336807], [-0.0004764228343430556, 0.0018169808057601168, 1.0]], "12": [[-0.417444577136526, 0.7089842045043926, 1980.9468623941013], [-0.20851033812873296, 0.5907605860867758, 879.7141819897519], [-0.00029797935866289, 0.0008344530376288419, 1.0]], "13": [[2.1875753064567793, 5.785598673387346, -8977.66806576017], [-0.5724092763986292, 3.197021264376656, 1425.306061022808], [0.000608359493906858, 0.00028993079428893674, 1.0]]}