{"ext_mtx": [[-0.7504796102144772, 0.1172650188657286, -0.6504070033469401, 22.105967674670264], [0.6431521326908195, 0.35608342939445103, -0.6779084934752904, 10.39017863403055], [0.15210420397732907, -0.9270671532640489, -0.34265260026930455, 6.789349590432633], [0.0, 0.0, 0.0, 1.0]], "rvec": [[0.6592870825396412], [2.1234873916513726], [-1.3915253088649784]], "tvec": [[8.874923841408481], [0.002155840874868062], [23.74785482740049]]}