{"ext_mtx": [[-0.7576282911585582, 0.13359711275269984, -0.638867109734337, 23.020369654758202], [0.6352797906037508, 0.37548979232849394, -0.6748533199944703, 11.17182000495547], [0.14972962327681627, -0.9171473313057434, -0.36935323552411964, 7.3493101129098735], [0.0, 0.0, 0.0, 1.0]], "rot_vct": [[0.6619238105314242], [2.154370022034005], [-1.3705485661969659]], "trans_vct": [[9.243242415411387], [-0.5299591369740024], [24.96078831614964]]}