{"ext_mtx": [[-0.7576282854587094, 0.13359711555814083, -0.6388671159070882, 23.02036985071291], [0.635279796016446, 0.3754897990174981, -0.6748533111774004, 11.171820119452336], [0.14972962915268032, -0.9171473281585371, -0.369353240957024, 7.349310341418107], [0.0, 0.0, 0.0, 1.0]], "rvec": [[0.6619238155628975], [2.1543700209117516], [-1.3705485516657903]], "tvec": [[9.24324222205439], [-0.529959159010115], [24.960788686531917]]}