{"ext_mtx": [[-0.7504796102144773, 0.11726501886572875, -0.6504070033469401, 22.105967674670268], [0.6431521326908193, 0.3560834293944514, -0.6779084934752904, 10.390178634030555], [0.15210420397732913, -0.9270671532640489, -0.3426526002693046, 6.789349590432635], [0.0, 0.0, 0.0, 1.0]], "rvec": [[0.6592870825396411], [2.1234873916513726], [-1.3915253088649782]], "tvec": [[8.874923841408481], [0.0021558408748685092], [23.747854827400495]]}