{"ret": 1.6147435672032462, "mtx": [[2026.7515737825051, 0.0, 1953.7133178428799], [0.0, 2041.6452250050602, 1131.0984107133818], [0.0, 0.0, 1.0]], "new_mtx": [[756.3751116926162, 0.0, 2409.0699926197963], [0.0, 865.138967453325, 736.9818662326383], [0.0, 0.0, 1.0]], "dist": [[-0.3181289113757748, 0.10561247819027435, 0.001668499538041567, -0.0005605084757636773, -0.016030346627264956]]}