{
    "ret": 3.0182689786721917,
    "mtx": [
        [
            4609.056928913065,
            0.0,
            1718.065590919095
        ],
        [
            0.0,
            4618.631395755204,
            1601.3705393556966
        ],
        [
            0.0,
            0.0,
            1.0
        ]
    ],
    "dist": [
        [
            -0.3104739867621945
        ],
        [
            -0.1867883589495786
        ],
        [
            -0.005851766643562904
        ],
        [
            -0.00018342541802576502
        ],
        [
            0.6214146386151874
        ]
    ],
    "rvecs": [
        [
            [
                0.20037655688263056
            ],
            [
                0.1731542727068243
            ],
            [
                0.04785788632629194
            ]
        ],
        [
            [
                0.4024812531353561
            ],
            [
                -0.49307592689774665
            ],
            [
                3.0609548002650735
            ]
        ]
    ],
    "tvecs": [
        [
            [
                -6.538589370201752
            ],
            [
                -3.7620617023273533
            ],
            [
                32.78903207298644
            ]
        ],
        [
            [
                -4.533401683828457
            ],
            [
                2.3327240781012346
            ],
            [
                26.587806018251293
            ]
        ]
    ]
}