{
    "ret": 3.0063877378978416,
    "mtx": [
        [
            4203.285853540801,
            0.0,
            2029.2232547120122
        ],
        [
            0.0,
            4239.443777107724,
            936.8374776222332
        ],
        [
            0.0,
            0.0,
            1.0
        ]
    ],
    "dist": [
        [
            -0.4201655204448849
        ],
        [
            0.618007657205317
        ],
        [
            0.008448550264532187
        ],
        [
            -0.00601317888951401
        ],
        [
            -0.9553684744023041
        ]
    ],
    "rvecs": [
        [
            [
                -0.11048795568611272
            ],
            [
                -0.327506855295972
            ],
            [
                3.1204104990906507
            ]
        ],
        [
            [
                0.06251179105307933
            ],
            [
                0.0648516849620539
            ],
            [
                0.03497475104140004
            ]
        ]
    ],
    "tvecs": [
        [
            [
                -5.553256655066686
            ],
            [
                5.378424417557522
            ],
            [
                24.67798331035286
            ]
        ],
        [
            [
                -8.811819810085789
            ],
            [
                0.9880395605595053
            ],
            [
                29.673621017914794
            ]
        ]
    ]
}