{
  "ret": 2.0644311132568327,
  "mtx": [[4219.925747375978, 0.0, 2070.8508049943375], [0.0, 4241.093495742246, 1321.3610483499137], [0.0, 0.0, 1.0]],
  "new_mtx": [
    [3555.8260636625605, 0.0, 2087.5770737520493], [0.0, 3609.1342063230613, 1354.4821527703316], [0.0, 0.0, 1.0]
  ],
  "dist": [[-0.4232502251775272, 0.6588083547987291, -0.003012456794115117, -0.011711885657177273, -1.2636608971715404]],
  "roi": [197, 189, 3524, 1891]
}