{"ret": 2.0307165929724724, "mtx": [[4167.315860778335, 0.0, 2118.7996497033087], [0.0, 4178.174832848338, 1324.3896291856574], [0.0, 0.0, 1.0]], "new_mtx": [[3687.8073288769892, 0.0, 2128.8714424788313], [0.0, 3694.3747699184505, 1332.5071804547244], [0.0, 0.0, 1.0]], "dist": [[-0.30974988195308456, -0.014904425401120339, -0.0022575286095838773, -0.00601616066932438, 0.1409891091841096]], "roi": [85, 124, 3677, 1957], "error": 0.30779591644502474, "new_error": 21.262705387602995}