{"1": [[0.643619665205868, -2.526303399813146, 1603.7459717487984], [-0.15341618639274524, 0.760235298348635, 343.7489182744688], [-0.00016434881829364596, 0.00017557267246296956, 1.0]], "2": [[5.8424484758428585, -11.342871238300127, 272.14328289173403], [-0.684077237434172, 7.383942386044211, -1935.1937932216445], [-0.0007613866566984148, 0.0012370162887718591, 1.0]], "6": [[0.29403294910625644, -1.574622618428722, 713.5755857686171], [-0.03888027522518248, -1.3160006575976786, 789.2649412933498], [-1.0173853066308757e-05, -0.0013533171452850756, 1.0]], "7": [[-0.38590533430704693, -1.944900083302049, 5315.833967335493], [-0.14861709987940622, 1.450952464390311, 640.3832898841221], [-0.00029568134390639447, 0.000568263310732223, 1.0]], "8": [[12.364997788581183, 18.1674123343871, -67812.69680321906], [-2.1125327751284, -5.169307010165283, -380.6565576764136], [0.0019444373572757444, -0.01111984749587197, 1.0]], "12": [[-0.030098723510327226, -0.39409205544480164, 1907.8748853700793], [-0.021089754863328185, 0.19835433507259642, 690.1163853379908], [-0.00011281286227191937, 3.548333199440362e-05, 1.0]], "13": [[-0.3937431517850246, -5.390115994603537, 4808.5629069726065], [0.04463015827782033, -0.6752920741299547, -40.61741327948883], [-0.00032718206578505256, -0.001574489662587405, 1.0]]}