{"1": [[8.812474095556757, 38.41796535742784, -28184.78603410491], [1.1110292009388962, 12.760386886896757, -6664.630505660659], [0.0011467933637767092, 0.004577108248134426, 1.0]], "2": [[0.2625514049104613, 0.3585502995568328, 557.2516112329843], [0.05457038437852258, 0.1825364835022082, 313.7893891273104], [0.0001219592843080042, 6.215860901031185e-05, 1.0]], "4": [[1.0000000000000007, 4.206873362899061e-15, -5.1015040282898285e-12], [4.695648906910795e-17, 1.0000000000000013, -8.260200121707306e-13], [-7.37021111045516e-20, 6.452868476688251e-19, 1.0]], "6": [[0.29403294910625644, -1.574622618428722, 713.5755857686171], [-0.03888027522518248, -1.3160006575976786, 789.2649412933498], [-1.0173853066308757e-05, -0.0013533171452850756, 1.0]], "7": [[-0.38590533430704693, -1.944900083302049, 5315.833967335493], [-0.14861709987940622, 1.450952464390311, 640.3832898841221], [-0.00029568134390639447, 0.000568263310732223, 1.0]], "8": [[12.364997788581183, 18.1674123343871, -67812.69680321906], [-2.1125327751284, -5.169307010165283, -380.6565576764136], [0.0019444373572757444, -0.01111984749587197, 1.0]], "12": [[-0.030098723510327226, -0.39409205544480164, 1907.8748853700793], [-0.021089754863328185, 0.19835433507259642, 690.1163853379908], [-0.00011281286227191937, 3.548333199440362e-05, 1.0]], "13": [[-0.3937431517850246, -5.390115994603537, 4808.5629069726065], [0.04463015827782033, -0.6752920741299547, -40.61741327948883], [-0.00032718206578505256, -0.001574489662587405, 1.0]]}