{"ext_mtx": [[-0.9671691811336625, -0.05678601860519603, 0.2477077373765527, -14.99821494300123], [-0.2516719699294055, 0.3493522665727764, -0.9025598115317993, 18.40973408636043], [-0.035284481250165645, -0.935269128075676, -0.35217419475519796, 6.714376482034082], [0.0, 0.0, 0.0, 1.0]], "rvec": [[0.28127865881973263], [-2.433547384121224], [1.6758912995858224]], "tvec": [[-9.635683930411423], [-1.0034222049462596], [22.69569014639763]]}