{"ext_mtx": [[-0.9671691811336623, -0.05678601860519576, 0.24770773737655308, -14.998214943001235], [-0.25167196992940577, 0.3493522665727762, -0.902559811531799, 18.409734086360423], [-0.035284481250166075, -0.9352691280756755, -0.3521741947551982, 6.7143764820340825], [0.0, 0.0, 0.0, 1.0]], "rvec": [[0.28127865881973263], [-2.433547384121224], [1.675891299585822]], "tvec": [[-9.635683930411421], [-1.0034222049462596], [22.69569014639763]]}