{
  "ret": 1.7827919971664,
  "mtx": [[5488.61432968296, 0.0, 1955.32652466734], [0.0, 5466.3534285974, 1088.2251102127323], [0.0, 0.0, 1.0]],
  "new_mtx": [
    [5129.077348589568, 0.0, 1974.7766923353138], [0.0, 5073.824548431464, 1086.0860716393393], [0.0, 0.0, 1.0]
  ],
  "dist": [
    [-0.45457384476851903, 1.4018763057840546, -0.0015039200252569486, 0.0048364619613642055, -4.512776381310003]
  ],
  "roi": [42, 60, 3765, 2037]
}