{
  "ret": 3.518678177578177,
  "mtx": [[5489.229557351046, 0.0, 1898.247345015938], [0.0, 5464.2471539076505, 1162.0893813065131], [0.0, 0.0, 1.0]],
  "new_mtx": [
    [5202.217975746472, 0.0, 1914.6258797599532], [0.0, 5156.177341817093, 1158.5849987467757], [0.0, 0.0, 1.0]
  ],
  "dist": [
    [-0.30496288505239566, -1.0397990354528293, -0.0027451946085722727, 0.006714478111481292, 6.307901356688915]
  ],
  "roi": [18, 46, 3807, 2065],
  "error": 0.424572396003596,
  "new_error": 6.719370363102024
}