{"1": [[-1.2003110800727814, -1.4622425854475147, 7265.708339667912], [-0.21497891602220112, 1.0233293129327412, 1942.7095366351411], [-0.0005402398299164941, 0.0016236561410849924, 1.0]], "2": [[-1.1071611198095934, 2.7162343156877653, 1742.6738659743069], [-0.40329188177489333, 1.720793939653143, 627.8586029754881], [-0.0010337641426297198, 0.003963086380628698, 1.0]], "3": [[-0.5542454944893705, -1.5266315476093195, 6711.400808937027], [0.010410043441599222, 0.652753603283751, 1290.2398206223925], [-0.000360777830294429, 0.0007536190463334025, 0.9999999999999999]], "5": [[1.0000000000000009, 7.056796929268227e-17, -1.878589823077517e-13], [7.544750536101444e-17, 1.0000000000000009, -2.775950793329893e-13], [1.1219510020767474e-19, 2.3297986954707736e-19, 1.0]], "6": [[0.5265079721004989, 2.2366355199015184, 568.5885069754638], [0.11973646667625035, 0.8705702821387751, 1034.3453489512156], [0.00024904527525919905, 0.00032769838885983606, 1.0]], "7": [[-5.127323341766562, 34.42803476626905, -3696.7810093965], [-1.0684853505942309, 15.607480189991144, 4636.717564420763], [-0.0004371429632194153, 0.013627047705182471, 1.0]], "8": [[-2.047911575310055, 27.403259176193703, -4345.96211880886], [-0.7305626253857742, 1.510424612227674, 1555.5592728251256], [0.00015596878523256664, 0.0041702992248166555, 1.0]], "12": [[-4.953316344485874, 26.54083723619868, 1230.613677196104], [-2.0478981355249717, 13.962902288756492, 2678.1143031449005], [-0.0019613962608113172, 0.017921289332917884, 1.0]], "13": [[0.40540523690693264, -1.1681901344991867, 2433.5680658279507], [-0.02231717607207793, 0.7630288911489782, 303.3936336679295], [-0.00012173830017856845, 1.4569417074779048e-05, 1.0]]}