{"ext_mtx": [[0.6948488849829149, 0.2965655580985818, -0.6551594437903472, 22.28697461060802], [0.7106150062127087, -0.14315348524655322, 0.6888638418490821, -10.340140375937079], [0.11050493194112473, -0.9442224046332736, -0.3102139755156847, 6.057320831771149], [0.0, 0.0, 0.0, 1.0]], "rvec": [[1.729462010021597], [0.8108496738042852], [-0.43848436806459085]], "tvec": [[-8.80758436659713], [-2.3703181550677126], [23.60353629048007]]}