{"ext_mtx": [[0.6948488849829147, 0.2965655580985816, -0.6551594437903472, 22.286974610608016], [0.7106150062127085, -0.14315348524655286, 0.6888638418490822, -10.340140375937082], [0.11050493194112487, -0.9442224046332738, -0.31021397551568425, 6.057320831771139], [0.0, 0.0, 0.0, 1.0]], "rvec": [[1.7294620100215967], [0.8108496738042851], [-0.43848436806459085]], "tvec": [[-8.807584366597128], [-2.3703181550677117], [23.603536290480065]]}