{
  "ret": 1.0481590239734044,
  "mtx": [
    [3826.7830253900456, 0.0, 1845.9673735890126], [0.0, 3827.6393675000363, 1095.6170239942917], [0.0, 0.0, 1.0]
  ],
  "new_mtx": [
    [3338.0208960062514, 0.0, 1830.348771940687], [0.0, 3316.8965287071373, 1098.1634064092964], [0.0, 0.0, 1.0]
  ],
  "dist": [
    [-0.38236664111103685, 0.3227089282011362, 0.0004064334660649642, 0.00046259530201320524, -0.2543496627988975]
  ],
    "roi": [65, 118, 3699, 1929]
}