{"ret": 1.4074633326062993, "mtx": [[4482.619819333081, 0.0, 1921.5339207200427], [0.0, 4393.695863982774, 1079.8177601804562], [0.0, 0.0, 1.0]], "new_mtx": [[4109.888725306944, 0.0, 1883.7598935814824], [0.0, 3993.4553735071872, 1069.115464371127], [0.0, 0.0, 1.0]], "dist": [[-0.20837966247186684, -0.6432553646250102, -0.005063815162394681, -0.01016185700085896, 1.4280410560658086]]}