{
  "ret": 1.0054039475195822,
  "mtx": [[3952.1146975582737, 0.0, 1948.5562973710569], [0.0, 3920.347933168549, 1187.957754593951], [0.0, 0.0, 1.0]],
  "new_mtx": [
    [3607.6672388933034, 0.0, 1929.0397873473196], [0.0, 3572.387494791387, 1180.319616600766], [0.0, 0.0, 1.0]
  ],
  "dist": [
    [-0.3174199110414811, -0.46028364086006857, -0.0024928295503349666, -0.005586661319873707, 1.9069342865355208]
  ],
  "roi": [17, 63, 3808, 2024],
  "error": 0.15961541318088404,
  "new_error": 9.45329943122697
}