{"1": [[-2.836758525902431, -36.50214211479743, 36787.351120353436], [2.081232993501818, -10.590291736341502, -1649.3029717132126], [-0.0019443593312031477, -0.00465609307868272, 1.0]], "2": [[-0.6198140992118905, -7.331789284229358, 3831.378688002338], [0.18566596485830295, -1.4025579913111141, 330.7217274679759], [-0.0004120272610680901, -0.0016637219919402484, 1.0]], "3": [[2.1875753064567793, 5.785598673387346, -8977.66806576017], [-0.5724092763986292, 3.197021264376656, 1425.306061022808], [0.000608359493906858, 0.00028993079428893674, 1.0]], "4": [[-0.3937431517850246, -5.390115994603537, 4808.5629069726065], [0.04463015827782033, -0.6752920741299547, -40.61741327948883], [-0.00032718206578505256, -0.001574489662587405, 1.0]], "5": [[0.40540523690693264, -1.1681901344991867, 2433.5680658279507], [-0.02231717607207793, 0.7630288911489782, 303.3936336679295], [-0.00012173830017856845, 1.4569417074779048e-05, 1.0]], "6": [[2.877834029792414, 2.3055264561055306, -13112.21797463005], [-0.41969597144428, -4.039170454865597, 3509.044308090517], [0.0017836586654426524, -0.005417859150061463, 1.0]], "7": [[0.5102763828016564, -1.543538288729568, 766.1397493538585], [0.02476294033459037, -0.2098370850061579, -9.722293875229449], [2.381520390294792e-05, -0.0009296369893226282, 1.0]], "8": [[-1.0300842255744462, 1.4065846823882535, 4990.25720658098], [0.004331812547070581, 0.4070355130714008, 773.2570050292366], [-0.00024109717753375512, 0.0017618267432774372, 1.0]], "12": [[1.493269987386541, -4.2183705477679165, 1294.5011166133804], [0.20220502543982935, -0.4618036819208734, -78.28164596390826], [0.00023715609195184252, -0.0017358701079670034, 1.0]]}