{"1": [[-0.16796334151724737, -1.2779123749709684, 4230.406926799547], [0.012628531687753422, 0.6341882486632173, 681.975774818597], [-0.0002815217872411528, 0.000533026504996459, 1.0]], "2": [[-0.3803768580557621, 0.4273205757031328, 1326.1612506154866], [-0.14286634561643297, 0.4309241477337059, 410.0938005378981], [-0.0003958268915955104, 0.0008948723675651331, 0.9999999999999999]], "3": [[0.27492633836630603, -0.8133257614483067, 3587.4760920008925], [0.14192484800937197, 0.7446960457434109, 194.32652736197477], [-0.0002039930885890669, 0.00028178397130622997, 0.9999999999999999]], "4": [[-1.3942091438084943, -4.128254415214812, 6537.126544650835], [-0.07015599674493796, 2.1582016834693176, 417.95887736780446], [-0.0005559822279173483, 0.0020786938615765314, 1.0]], "5": [[2.6912005608011422, 4.279766714342503, -7856.2526117528705], [-0.05320171447233677, 2.4955046573937407, -633.3628824450843], [0.0003265054403222757, 0.0004906233464023967, 1.0]], "6": [[-1.6305089864734166, -7.685380152191512, 4806.761386158599], [-0.703141307622996, -2.825053175059249, 207.80379194558344], [-0.0010511552209129106, -0.0021149078923080587, 0.9999999999999999]], "7": [[3.1435083245061826, -12.014467245615426, -2512.394148213473], [0.35217323709371656, -7.105670845576147, -338.87443421694934], [0.00025413578157607866, -0.006323303542044206, 1.0]], "8": [[2.231920021476975, -17.35451497322679, 2212.056155321183], [0.42970744194347216, -0.3430532229041167, -1944.7256716158872], [-0.0002697898267750899, -0.0034294713230570237, 0.9999999999999999]], "12": [[-3.8209567224580283, 12.78551934376376, 5914.034485864153], [-1.3944665958314637, 7.691051285582868, 2389.700153632573], [-0.00153242607751467, 0.010322620371687354, 0.9999999999999999]], "13": [[1.0000000000000007, -2.311743995237165e-15, 1.6641144875412611e-12], [6.659181339837276e-16, 0.999999999999999, -3.52254231415527e-13], [4.618912971192525e-19, -8.261563203772137e-19, 1.0]]}