{"ext_mtx": [[0.06492660121060621, 0.40198270045145906, -0.9133424576756471, 23.70394563229904], [0.9968565519235107, 0.01551776996514395, 0.07769307370980771, -0.04698121323560306], [0.04540430973385266, -0.9155157602974738, -0.3997115726427382, 7.497844384587351], [0.0, 0.0, 0.0, 1.0]], "rvec": [[1.513841418379891], [1.4613145962329332], [-0.9067022404907018]], "tvec": [[-1.8326175437289798], [-2.6634523306188322], [24.650445245670756]]}