{"ext_mtx": [[0.06492660121060638, 0.4019827004514589, -0.9133424576756473, 23.70394563229904], [0.9968565519235107, 0.015517769965144122, 0.0776930737098079, -0.04698121323560711], [0.045404309733852954, -0.9155157602974738, -0.39971157264273793, 7.497844384587343], [0.0, 0.0, 0.0, 1.0]], "rvec": [[1.5138414183798907], [1.4613145962329328], [-0.9067022404907014]], "tvec": [[-1.8326175437289793], [-2.6634523306188314], [24.65044524567075]]}