{
    "ret": 3.088176396310373,
    "mtx": [
        [
            5140.332386783263,
            0.0,
            1698.9372983285384
        ],
        [
            0.0,
            5167.530728434636,
            647.6199368186099
        ],
        [
            0.0,
            0.0,
            1.0
        ]
    ],
    "dist": [
        [
            -0.5211968374472941
        ],
        [
            1.3932138104284904
        ],
        [
            0.007757057807697881
        ],
        [
            -0.003513459961810362
        ],
        [
            -2.84903073873728
        ]
    ],
    "rvecs": [
        [
            [
                -1.0294901021443326
            ],
            [
                0.3756573658539233
            ],
            [
                -2.981962706066541
            ]
        ],
        [
            [
                0.17626743955798208
            ],
            [
                0.5633029258741672
            ],
            [
                -0.038535432949611634
            ]
        ]
    ],
    "tvecs": [
        [
            [
                -5.359748280380507
            ],
            [
                3.3052918950438426
            ],
            [
                30.14840267928866
            ]
        ],
        [
            [
                -8.490889984746719
            ],
            [
                -4.065351569903167
            ],
            [
                38.57471151869245
            ]
        ]
    ]
}