{
    "ret": 2.214960038475923,
    "mtx": [
        [
            4987.382294197012,
            0.0,
            2003.0296383818695
        ],
        [
            0.0,
            4984.947707653741,
            1018.9006203878863
        ],
        [
            0.0,
            0.0,
            1.0
        ]
    ],
    "dist": [
        [
            -0.4356660373532915
        ],
        [
            1.5544969562059991
        ],
        [
            0.0014393440885531628
        ],
        [
            -0.010206709255811264
        ],
        [
            -5.862215842596922
        ]
    ],
    "rvecs": [
        [
            [
                0.20591878813157066
            ],
            [
                0.39295427394644056
            ],
            [
                0.020295907043411464
            ]
        ],
        [
            [
                0.6598690041143048
            ],
            [
                -0.42292268091684
            ],
            [
                2.6460004171377847
            ]
        ]
    ],
    "tvecs": [
        [
            [
                -12.074233991643808
            ],
            [
                -0.729889861283537
            ],
            [
                38.14403450672303
            ]
        ],
        [
            [
                -5.695579975606471
            ],
            [
                2.846909075039619
            ],
            [
                28.9482050606654
            ]
        ]
    ]
}