{
  "ret": 2.976413070328676,
  "mtx": [[4171.970684479306, 0.0, 1917.8029446927312], [0.0, 4179.203448809843, 1357.8468163157022], [0.0, 0.0, 1.0]],
  "new_mtx": [
    [2800.8302583299974, 0.0, 1980.3475202447441], [0.0, 3018.3044108527392, 1511.7597107410168], [0.0, 0.0, 1.0]
  ],
  "dist": [[-0.4031486052043064, 0.7656464421355933, 0.002470396702863777, 0.0017170484737624447, -1.8876793613714078]],
  "roi": [571, 489, 2811, 1609],
  "error": 0.48623616209302917,
  "new_error": 57.845696307240274
}