{"ret": 3.3675037079540155, "mtx": [[4194.86624835623, 0.0, 1993.385013888337], [0.0, 4203.994207560707, 1380.9408402132945], [0.0, 0.0, 1.0]], "new_mtx": [[3687.701547455597, 0.0, 1990.7261257433838], [0.0, 3733.567060095888, 1398.6885154928307], [0.0, 0.0, 1.0]], "dist": [[-0.3386961592833461, 0.09462296734163132, 0.000631039367730308, -0.00339591418873999, 0.03622988190429799]]}