{
  "ret": 3.3675034230958065,
  "mtx": [[4194.835161680535, 0.0, 1993.7161163463786], [0.0, 4203.923686834596, 1381.2074039260324], [0.0, 0.0, 1.0]],
  "new_mtx": [
    [3687.6596844301544, 0.0, 1991.0701633925316], [0.0, 3733.4308559240585, 1398.9423164215661], [0.0, 0.0, 1.0]
  ],
  "dist": [[-0.3386325145867789, 0.09421625398228875, 0.000622228668075881, -0.0034049361506583646, 0.0369033775670705]],
  "roi": [92, 123, 3656, 1975]
}