{"1": [[-1.334705515205106, 1.0614851363361992, 6170.220229272406], [-0.6998035026109055, 2.904000924920673, 1175.4319690897669], [-0.000729546082376653, 0.002405752210990362, 1.0]], "2": [[18.661037456956603, 11.257732253585248, -32706.22773223867], [8.28578058062488, -48.27164113828272, 8448.414393109699], [0.010336694512517956, -0.03237481731211697, 1.0]], "3": [[-1.2146709061589305, 2.0965077124226004, 4641.995503425145], [-0.4673448161913098, 2.064657789290226, 1313.1907343336807], [-0.0004764228343430556, 0.0018169808057601168, 1.0]], "4": [[-0.38590533430704693, -1.944900083302049, 5315.833967335493], [-0.14861709987940622, 1.450952464390311, 640.3832898841221], [-0.00029568134390639447, 0.000568263310732223, 1.0]], "5": [[-5.127323341766562, 34.42803476626905, -3696.7810093965], [-1.0684853505942309, 15.607480189991144, 4636.717564420763], [-0.0004371429632194153, 0.013627047705182471, 1.0]], "6": [[-0.42533780224502216, -2.891445245714447, 3584.322529952538], [-0.15794994905418908, -1.2787955393178378, 1208.9471721750053], [-0.0002308937911594094, -0.0008420833614806486, 0.9999999999999999]], "8": [[1.000471557230537, -2.3160847268492897, 4920.765855089998], [0.2273047782912213, 1.4473115369147567, -1956.4794719492977], [-0.00021515011936287792, 0.0002225647044308989, 1.0]], "12": [[6.771153710503967, 10.492720154525248, -13291.235200606296], [2.119179488475848, 7.718649151127399, -5868.38270307359], [0.002281178959866593, 0.0034236319872093697, 1.0]], "13": [[0.5102763828016564, -1.543538288729568, 766.1397493538585], [0.02476294033459037, -0.2098370850061579, -9.722293875229449], [2.381520390294792e-05, -0.0009296369893226282, 1.0]]}