{"1": [[-0.026138998895699973, -4.404782063509807, 5326.657390250401], [0.05221850552688554, -1.0171807954050855, 879.167213317155], [-0.00013934237325848514, -0.0007788657949511568, 1.0]], "2": [[-0.22601564823069795, -1.071864990540241, 1506.085128894712], [-0.07840869572902992, -0.36297558288011067, 428.86457407466014], [-0.0002319838817361841, -0.0007336364823441546, 1.0]], "3": [[0.2087076776985419, -4.150060810197334, 4475.2017136007835], [0.10237127983533688, -0.6495843053527244, 373.8280713206013], [-8.948666394939224e-05, -0.00078894769016048, 1.0]], "4": [[-1.189594290793454, -5.492907464709683, 9897.8023158758], [0.045786787693101835, -1.345069279573465, 670.1962955306567], [-0.00037694354719355156, -0.0009118575284057577, 1.0]], "5": [[1.0955999582497584, 1.9317188135542214, -4973.8800409161895], [0.0269327478800805, 0.14224237497672043, -627.1135222878792], [0.0001795556535994447, -0.0012660818164361768, 0.9999999999999999]], "6": [[-2.773548350547711, -1.4999376200191752, 11889.912169172369], [-1.2648180680110825, 4.263661971967809, -510.3941540063361], [-0.001727133962565951, 0.003277074111934964, 1.0]], "7": [[1.0000000000000042, 3.3177442603882136e-15, -7.069412722876806e-12], [1.2126434756513092e-16, 1.0000000000000067, -5.5277693027068056e-12], [1.7500163786892268e-19, 1.8315396510795674e-18, 1.0]], "8": [[1.000471557230537, -2.3160847268492897, 4920.765855089998], [0.2273047782912213, 1.4473115369147567, -1956.4794719492977], [-0.00021515011936287792, 0.0002225647044308989, 1.0]], "12": [[6.771153710503967, 10.492720154525248, -13291.235200606296], [2.119179488475848, 7.718649151127399, -5868.38270307359], [0.002281178959866593, 0.0034236319872093697, 1.0]], "13": [[0.5102763828016564, -1.543538288729568, 766.1397493538585], [0.02476294033459037, -0.2098370850061579, -9.722293875229449], [2.381520390294792e-05, -0.0009296369893226282, 1.0]]}