{"ext_mtx": [[-0.024047933860520173, -0.2545991137293703, 0.9667476341658453, -24.95190547295537], [-0.9996004798611182, -0.008242623963291031, -0.027035898572490197, -0.06018303533374163], [0.014851853031263351, -0.9670115565175107, -0.25429917818018766, 6.5187675941146646], [0.0, 0.0, 0.0, 1.0]], "rvec": [[1.3932263095295048], [-1.4108942449703403], [1.1042365779975174]], "tvec": [[-0.75701654175944], [-0.04950548764195815], [25.778285723401346]]}