{"ext_mtx": [[-0.02404793386052038, -0.25459911372937044, 0.9667476341658453, -24.95190547295538], [-0.9996004798611182, -0.008242623963291291, -0.027035898572490495, -0.060183035333733925], [0.01485185303126364, -0.9670115565175105, -0.25429917818018777, 6.51876759411467], [0.0, 0.0, 0.0, 1.0]], "rvec": [[1.3932263095295048], [-1.4108942449703405], [1.1042365779975176]], "tvec": [[-0.7570165417594403], [-0.04950548764195816], [25.778285723401357]]}