{
  "ret": 1.4667302255126307,
  "mtx": [[2083.843075952949, 0.0, 1954.9873909526345], [0.0, 2077.707476590144, 1138.2155421441341], [0.0, 0.0, 1.0]],
  "new_mtx": [
    [367.22461631774655, 0.0, 1005.2111215608342], [0.0, 397.29700037775643, 480.66095782850925], [0.0, 0.0, 1.0]
  ],
  "dist": [
    [-0.333471283921661, 0.12323739062041505, -0.0010476004834604204, -0.00033164034014928804, -0.02233948061374374]
  ],
  "roi": [661, 263, 677, 413],
  "error": 0.2366299590252402,
  "new_error": 166.3909434321975
}