{
  "ret": 1.764249282172535,
  "mtx": [[2044.241197208504, 0.0, 1969.901008528072], [0.0, 2049.8977423539336, 1165.7182872870972], [0.0, 0.0, 1.0]],
  "dist": [
    [-0.32362099205916706], [0.11002827376103266], [-0.0007025063559470418], [-0.0014857566419950376],
    [-0.01720279284650878]
  ],
  "rvecs": [
    [[-0.33336316506832686], [-0.6514015956457188], [3.0300667334702736]],
    [[-0.4189033910958933], [-0.6680130950201695], [3.0047632037178205]],
    [[-0.47147007031541727], [-0.6814420849115687], [3.0008021959033924]],
    [[-0.18609422797828956], [-0.5652427731569174], [3.0647355929498006]],
    [[-0.20192463254309034], [-0.5639525726444968], [3.0658852428410803]],
    [[-0.18973496426983436], [-0.5595804948895066], [3.0614801533489966]],
    [[-0.3016439676918799], [-0.6667517240810932], [2.995201150505824]],
    [[0.40735940160252215], [-0.030988013400542587], [-0.0320566703540858]],
    [[-0.17003265735523887], [-0.6517241069670526], [3.0507345406184405]],
    [[0.10824465827785666], [-0.4700695771252458], [3.0729346936741466]],
    [[0.1264061031767247], [-0.48209483028208305], [3.074818010520276]],
    [[0.3257938309976234], [0.10437376429526142], [-0.005339203854904084]],
    [[0.3888517096371649], [-0.01147167618268191], [0.006075752663869218]],
    [[0.36716136351281475], [0.05721223321233463], [0.016472150420484534]],
    [[0.36919000546614156], [0.05122568903698262], [0.02461821090535418]],
    [[0.3163432715688424], [0.3472537383163759], [-0.004679248018302666]],
    [[0.2722924419581948], [0.39796851635609654], [0.010774630229114518]],
    [[0.23989857105068524], [0.3906379668810228], [0.009670948282747071]],
    [[0.27760803246966403], [0.4234784505617169], [0.0050515715762317805]],
    [[0.253561898796655], [0.4308595603318084], [0.008416561889439617]],
    [[0.2547486031469432], [0.4813899901847673], [-0.02155181751685785]],
    [[0.40824648141613723], [0.1515766955182712], [0.04998733749039864]],
    [[0.38811471519478713], [0.04273301785863547], [0.058179054393573126]],
    [[0.3951668956989135], [0.044370783884661036], [0.06159626218556901]],
    [[-0.4450230250792775], [-0.48630621085008324], [2.9983326627286013]],
    [[-0.4025684484409391], [-0.485499471438532], [2.9974873712633863]],
    [[-0.4298265484622988], [-0.4783250172868542], [2.9815510374183236]],
    [[-0.5314102082359269], [-0.5217476334181221], [3.052756655236523]],
    [[-0.5786248940675316], [-0.513802415723997], [3.0452679952958155]],
    [[0.5468999802872531], [0.5048301672922731], [-3.0493995175624753]],
    [[-0.5521103710984364], [-0.4002910044748584], [3.009281452534716]],
    [[-0.5296351930734827], [-0.39567700451312116], [3.0154676311568807]],
    [[-0.5451370018269769], [-0.41579107078203886], [3.0085112191648546]],
    [[0.23935153008241805], [0.5568791806292862], [-3.0624986555981044]],
    [[0.06058965061771416], [0.5394539486148702], [-3.0435552714824468]],
    [[0.031466204104338584], [0.5238736907731593], [-3.0358124074269894]],
    [[-0.47355562394683187], [0.5971121291913948], [-3.0432569717719544]],
    [[0.4627739973318234], [-0.6146881318349341], [3.041017186267945]],
    [[0.3863208821313982], [-0.6223871348657778], [3.036826751353872]],
    [[-0.17286646305002196], [0.5414187492921376], [-3.0647717111239454]],
    [[-0.20889301674811325], [0.5686402761688103], [-3.0617641237160744]],
    [[-0.30820752552989333], [0.5781567759946288], [-3.0365332067316553]],
    [[-0.6129727201014552], [0.5565171238529609], [-3.0235853728143316]],
    [[-0.5592928541675386], [0.5553532816949704], [-3.0259339184339984]],
    [[-0.48978125213271795], [0.543577056900023], [-3.0306274194451928]],
    [[-0.7760409604982225], [-0.5522269335509493], [2.83257565592472]],
    [[-0.9661051291020486], [-0.5607450695951681], [2.768712107698153]],
    [[-1.0576571462011222], [-0.5422057143529275], [2.752769023361415]],
    [[-1.703503044415146], [-0.5648409068897873], [2.3248824607817684]],
    [[-1.73641402601903], [-0.6119201989294991], [2.293005734494261]],
    [[-1.5117927074866115], [-0.6197972458924779], [2.4846545271148353]],
    [[-0.9421914319081357], [-0.6057232527563635], [2.7935236267395496]],
    [[-0.8989916854965414], [-0.6192291321268696], [2.7960777815647253]],
    [[-0.8776503274337549], [-0.6464571670213181], [2.788522339134087]],
    [[-0.8899164689917317], [-0.5763580695041124], [2.844686040228649]],
    [[-0.8331356508457174], [-0.6102786671461271], [2.86205907076371]],
    [[-0.8107028848930553], [-0.6435797989359472], [2.8647587274636197]],
    [[-1.0914563622837767], [-0.5786467363993785], [2.705693724808547]],
    [[-1.071626419724166], [-0.5706444865561654], [2.7169019978096554]],
    [[-1.0700577022061613], [-0.590048070139175], [2.7071616337708737]]
  ],