{"1": [[-17.46823996011978, -36.951615895724416, 29302.22283994502], [-1.806645170792273, -19.579908706528546, 8915.740985639959], [-0.0013740396839525884, -0.003209612799065987, 1.0]], "2": [[1.0000000000000004, 2.6509564227712777e-15, -5.877802335804634e-13], [-2.0260001631210049e-16, 1.0000000000000022, -2.364943077662692e-13], [-1.8541634643913752e-19, 2.840472495908888e-18, 1.0]], "3": [[-5.805944320181438, -21.10118989907476, 13708.698800001845], [-0.17670891977065417, -7.387324589884162, 3094.9225013165333], [-0.0007731517648653539, -0.0017133461997269905, 1.0]], "4": [[5.8424484758428585, -11.342871238300127, 272.14328289173403], [-0.684077237434172, 7.383942386044211, -1935.1937932216445], [-0.0007613866566984148, 0.0012370162887718591, 1.0]], "5": [[0.9282683387211524, -5.132302607268619, 1594.4151210685407], [0.296304647682762, -0.850533865522654, 13.658270469617413], [-0.00022625679985891823, -0.001942680841782798, 0.9999999999999999]], "6": [[0.6678597993224553, -3.9978643178878563, 1059.9346628488647], [0.06207647583883657, -2.3835027817708063, 913.3592552193137], [5.201559984445775e-05, -0.0024451836675562994, 1.0]], "7": [[18.661037456956603, 11.257732253585248, -32706.22773223867], [8.28578058062488, -48.27164113828272, 8448.414393109699], [0.010336694512517956, -0.03237481731211697, 1.0]], "8": [[5.077797695431713, -3.7960069938308063, -4696.049619970962], [-0.4130118645722156, -0.46086636754916743, 332.7523598524525], [0.0008302674122602335, -0.004598104881893089, 1.0]], "12": [[-1.5030506689871095, -0.2740536946854029, 2979.4447466936863], [-0.857242217068854, 2.8295898364961234, 328.4943989903862], [-0.0015957324853832085, 0.0030752785039843923, 1.0]], "13": [[-0.6198140992118905, -7.331789284229358, 3831.378688002338], [0.18566596485830295, -1.4025579913111141, 330.7217274679759], [-0.0004120272610680901, -0.0016637219919402484, 1.0]]}