{"ext_mtx": [[-0.9987557380702194, -0.014551417671736512, -0.047699391144477854, -0.11618880845633184], [0.04050367935160755, 0.3213084349498403, -0.946107996789514, 18.324928844889737], [0.029093429340546595, -0.9468627914718306, -0.3203192571410269, 6.659611434603348], [0.0, 0.0, 0.0, 1.0]], "rvec": [[0.024717211881986903], [2.5147294481697475], [-1.8028856458455667]], "tvec": [[-1.0520222159278698], [0.4160933534869233], [19.465021372907874]]}