{"ext_mtx": [[-0.99881338420391, -0.015199249522474012, -0.04626884858180736, -0.14703868748705612], [0.03915686749078458, 0.31427402979877433, -0.948524419254638, 17.874166849011445], [0.028957956824364892, -0.9492106283686423, -0.31330595227120306, 6.40366232589635], [0.0, 0.0, 0.0, 1.0]], "rvec": [[0.022884173774265437], [2.5087152768229877], [-1.8127051973517838]], "tvec": [[-1.0321975690238818], [0.458803017589621], [18.953585942390262]]}