{"ext_mtx": [[-0.9997228330531591, -0.017109775946139584, 0.016171352424532097, -1.2340737245446554], [-0.020846720101538683, 0.3241786700556309, -0.9457661466461836, 18.60775822243236], [0.010939439344574272, -0.9458411311885498, -0.3244455011535698, 6.575570049314849], [0.0, 0.0, 0.0, 1.0]], "rot_vct": [[-0.036674425103094904], [2.5588927843292515], [-1.8277137422874052]], "trans_vct": [[-0.9177540024285731], [0.16609157546067618], [19.751958552891516]]}