{"ext_mtx": [[-0.9987557380702194, -0.0145514176717365, -0.04769939114447787, -0.11618880845633135], [0.04050367935160758, 0.32130843494983996, -0.946107996789514, 18.32492884488974], [0.02909342934054658, -0.9468627914718306, -0.3203192571410268, 6.659611434603347], [0.0, 0.0, 0.0, 1.0]], "rvec": [[0.02471721188198695], [2.5147294481697475], [-1.8028856458455669]], "tvec": [[-1.0520222159278698], [0.41609335348692333], [19.465021372907877]]}