{
    "ret": 2.005896804552356,
    "mtx": [
        [
            4194.196186611494,
            0.0,
            2079.3900062874723
        ],
        [
            0.0,
            4211.098979328791,
            1308.1727685825663
        ],
        [
            0.0,
            0.0,
            1.0
        ]
    ],
    "dist": [
        [
            -0.34019399563803726
        ],
        [
            0.06970639548775531
        ],
        [
            -0.0020503476296809334
        ],
        [
            -0.009025496084803653
        ],
        [
            0.11979435678443039
        ]
    ],
    "rvecs": [
        [
            [
                0.4609689164847771
            ],
            [
                0.013911345054657985
            ],
            [
                0.029033955906060734
            ]
        ],
        [
            [
                0.4276213641953196
            ],
            [
                0.0028791037154286504
            ],
            [
                0.04279144900768585
            ]
        ]
    ],
    "tvecs": [
        [
            [
                -9.758614783117757
            ],
            [
                -1.5658513236642315
            ],
            [
                19.94712704296791
            ]
        ],
        [
            [
                -9.022585224764192
            ],
            [
                -2.551639886996021
            ],
            [
                22.33796647944572
            ]
        ]
    ]
}