{"ret": 2.0644319635749353, "mtx": [[4218.947930467488, 0.0, 2070.4490668337326], [0.0, 4240.2641023939095, 1319.9411730614656], [0.0, 0.0, 1.0]], "new_mtx": [[3556.284495561326, 0.0, 2086.6537316179392], [0.0, 3609.9478491590694, 1352.8739003652743], [0.0, 0.0, 1.0]], "dist": [[-0.4233861603283571, 0.6597660476272078, -0.0029523276776693714, -0.011708345961688436, -1.2637167525639819]]}