{
  "ret": 4.201014466095986,
  "mtx": [[4015.006844158927, 0.0, 2003.3460255148873], [0.0, 3931.1494052355947, 1082.836331307303], [0.0, 0.0, 1.0]],
  "new_mtx": [
    [2358.8828753183084, 0.0, 2008.5464140140966], [0.0, 2538.7673875988085, 834.7441178690647], [0.0, 0.0, 1.0]
  ],
  "dist": [[-0.9948223651327615, 1.736341091370092, -0.046978817408450835, 0.0012043233691539225, -1.5212717906474165]],
  "roi": [832, 114, 2490, 1416]
}