{"ret": 6.429748929133876, "mtx": [[5364.837273024312, 0.0, 1914.398314218213], [0.0, 5982.240214678189, 1089.1458169441007], [0.0, 0.0, 1.0]], "new_mtx": [[2838.921299357605, 0.0, 1894.5983636382766], [0.0, 3778.2216775883844, 697.3871986344263], [0.0, 0.0, 1.0]], "dist": [[-0.13798845986373645, -1.094992503310308, -0.0704832710878943, 0.0012747778862793502, -7.206184631875173]]}