{
  "ret": 1.6756079025820214,
  "mtx": [[2059.5569313415162, 0.0, 1905.7952393100072], [0.0, 2068.7844812500375, 1235.990775495266], [0.0, 0.0, 1.0]],
  "new_mtx": [
    [914.7579600246925, 0.0, 1731.3012809097206], [0.0, 994.7926916878072, 1131.275832380104], [0.0, 0.0, 1.0]
  ],
  "dist": [
    [-0.32686679273851976, 0.11166102444880255, -0.0009565880614487896, -6.798222177779491e-05, -0.017750475488731578]
  ],
  "roi": [885, 537, 1705, 1072],
  "error": 0.2519891857539503,
  "new_error": 78.00672984958021
}