{"1": [[-0.34653592223906143, 0.3022436693377369, 2142.000688141619], [-0.205007013978072, 0.5556381574388451, 855.4623419019591], [-0.0003220739890864121, 0.0007817836587947767, 1.0]], "2": [[-1.5030506689871095, -0.2740536946854029, 2979.4447466936863], [-0.857242217068854, 2.8295898364961234, 328.4943989903862], [-0.0015957324853832085, 0.0030752785039843923, 1.0]], "3": [[-0.417444577136526, 0.7089842045043926, 1980.9468623941013], [-0.20851033812873296, 0.5907605860867758, 879.7141819897519], [-0.00029797935866289, 0.0008344530376288419, 1.0]], "4": [[-0.030098723510327226, -0.39409205544480164, 1907.8748853700793], [-0.021089754863328185, 0.19835433507259642, 690.1163853379908], [-0.00011281286227191937, 3.548333199440362e-05, 1.0]], "5": [[-4.953316344485874, 26.54083723619868, 1230.613677196104], [-2.0478981355249717, 13.962902288756492, 2678.1143031449005], [-0.0019613962608113172, 0.017921289332917884, 1.0]], "6": [[-0.12231521847777652, -1.5930844557632666, 1766.7551141744989], [-0.06549561820344274, -0.8114999161053098, 837.1736503128035], [-0.0001366462518161747, -0.0008656884629670674, 1.0]], "7": [[6.771153710503967, 10.492720154525248, -13291.235200606296], [2.119179488475848, 7.718649151127399, -5868.38270307359], [0.002281178959866593, 0.0034236319872093697, 1.0]], "8": [[2.029270432243709, 8.033563231620851, -2630.831515255183], [0.7171350550814478, 4.2228123595557685, 1014.2768395527676], [0.0010948488911337116, 0.0029909812924421375, 1.0]], "13": [[1.493269987386541, -4.2183705477679165, 1294.5011166133804], [0.20220502543982935, -0.4618036819208734, -78.28164596390826], [0.00023715609195184252, -0.0017358701079670034, 1.0]]}