{"1": [[0.843890557135866, -10.275515633351649, 6983.247561393838], [0.5352881881747017, -2.6108409683897382, 1095.6263671662173], [-0.00012651236352246594, -0.0013439444770806232, 1.0]], "2": [[-0.4048139451416947, -2.161583123981245, 1930.7567178020151], [-0.06952948587897737, -0.7417802969383437, 456.98710819280785], [-0.0004184954213269383, -0.0011524530391648126, 1.0]], "3": [[1.4562557793988269, -9.601289546615021, 5559.4063726851555], [0.5437186076250123, -1.7451369420262477, 456.6888215261883], [-2.3793558005809664e-05, -0.0013844611645875081, 1.0]], "4": [[-10.709869729595649, -28.05865909595071, 39751.50460284617], [3.3639317960119763, -11.260129622436551, 1338.9589777052765], [-0.0013770522318654213, -0.0027912929681113865, 0.9999999999999999]], "5": [[2.2777809462492034, 0.25039940946848127, -3562.3231568715964], [0.22681897350088168, 0.14362862298597578, -710.1275793161011], [0.0006320300049670081, -0.002478505820786828, 1.0]], "6": [[18.276756602319576, -12.97463492939098, -21565.563044422815], [10.055202802676549, -24.762918011964697, 2788.540944417442], [0.011286816187140912, -0.02332760112112862, 1.0]], "7": [[0.9203102414440946, -1.8461412996206885, 1362.9730169009495], [-0.5304354825572849, 1.27112664642325, 377.7390485397608], [-0.00035355915399567513, 4.2581235585409556e-05, 1.0]], "8": [[0.3861124883020383, -5.673898561351245, 6950.79582091851], [0.11752119970051164, 1.8275221215639834, -1441.930338975011], [-0.0009130091807035094, 0.0010262805333889477, 1.0]], "12": [[0.9999999999999987, 1.2643533531994097e-15, -3.1936508191395973e-13], [-1.7523495313454037e-15, 0.9999999999999999, 2.0857562529252387e-12], [-8.05142902078467e-19, 6.159813852852603e-19, 1.0]], "13": [[1.493269987386541, -4.2183705477679165, 1294.5011166133804], [0.20220502543982935, -0.4618036819208734, -78.28164596390826], [0.00023715609195184252, -0.0017358701079670034, 1.0]]}