{"ext_mtx": [[-0.5981796338900269, -0.4432890845194106, 0.6675896292971722, -22.30870607186586], [-0.7769974051611098, 0.11697283105262435, -0.6185405315486088, 9.995135410177376], [0.19610241704807005, -0.8887137583842597, -0.4144052336619654, 7.055484563991009], [0.0, 0.0, 0.0, 1.0]], "rvec": [[1.1935162236242327], [-2.0828401231369185], [1.4741886133911675]], "tvec": [[-6.962016929131171], [-4.788058973006248], [23.999286915467035]]}