{"ext_mtx": [[-0.5981796338900267, -0.4432890845194106, 0.6675896292971726, -22.308706071865867], [-0.7769974051611099, 0.11697283105262436, -0.6185405315486089, 9.995135410177378], [0.19610241704807024, -0.8887137583842598, -0.41440523366196513, 7.055484563991005], [0.0, 0.0, 0.0, 1.0]], "rvec": [[1.1935162236242327], [-2.082840123136918], [1.4741886133911675]], "tvec": [[-6.962016929131172], [-4.788058973006248], [23.99928691546704]]}